<?xml version="1.0" encoding="UTF-8"?><theme>
<version><![CDATA[1.0]]></version>
<uiVersion><![CDATA[10]]></uiVersion>
<author><![CDATA[Kanox - Edited by MIUI Theme Editor]]></author>
<designer><![CDATA[Kanox - Edited by MIUI Theme Editor]]></designer>
<title><![CDATA[Flat Kuro]]></title>
<description><![CDATA[Edited by MIUI Theme Editor]]></description>
<authors>
<author locale="en_US"><![CDATA[Kanox - Edited by MIUI Theme Editor]]></author>
</authors>
<designers>
<designer locale="en_US"><![CDATA[Kanox - Edited by MIUI Theme Editor]]></designer>
</designers>
<titles>
<title locale="en_US"><![CDATA[Flat Kuro]]></title>
</titles>
<descriptions>
<description locale="en_US"><![CDATA[Edited by MIUI Theme Editor]]></description>
</descriptions>
</theme>
